<?xml version="1.0" encoding="utf-8"?>
<feed xmlns="http://www.w3.org/2005/Atom">
  <title type="text">Proyectos de Ley</title>
  <id>http://myurl.com/feed</id>
  <updated>2013-11-07T22:43:31Z</updated>
  <link href="http://myurl.com" />
  <link href="http://myurl.com/feed" rel="self" />
  <author>
    <name>Me</name>
  </author>
  <subtitle type="text">del Congreso de la República del Perú</subtitle>
  <generator>PyAtom</generator>
  <entry xml:base="http://myurl.com/feed">
    <title type="text">02887/2013-CR</title>
    <id>http://myurl.com/pdf/02887_2013-CR.html</id>
    <updated>2013-11-07T22:43:31Z</updated>
    <link href="http://myurl.com/pdf/02887_2013-CR.html" />
    <author>
      <name>Me</name>
    </author>
    <content type="html">Propone declarar de necesidad pública e interés nacional la promoción de la generación de energía eólica, fomentando la construcción de parques eólicos como incentivo a la industria nacional&lt;br /&gt;autores: Molina Martinez  Agustin F,Rivas Texeira  Martín Amado,Carrillo Cavero  Hugo,Chehade Moya  Omar Karim,Gastañadui Ramirez  Santiago,Gutierrez Condor  Josue Manuel,Tejada Galindo  Sergio Fernando,Valencia Quiroz  Jaime Ruben,Zerillo Bazalar  Manuel Salvador</content>
  </entry>
  <entry xml:base="http://myurl.com/feed">
    <title type="text">02891/2013-CR</title>
    <id>http://myurl.com/pdf/02891_2013-CR.html</id>
    <updated>2013-11-07T22:43:31Z</updated>
    <link href="http://myurl.com/pdf/02891_2013-CR.html" />
    <author>
      <name>Me</name>
    </author>
    <content type="html">Ley que autoriza la interceptación y derribamiento de aeronaves utilizadas en el tráfico ilícito de drogas en el espacio aéreo peruano.&lt;br /&gt;autores: Tubino Arias Schreiber  Carlos Mario Del Carmen,Gagó Perez  Julio César,Salgado Rubianes  Luz,Ccama Layme  Francisco,Chihuan Ramos  Leyla Felicita,Lopez Cordova  Maria Magdalena,Salazar Miranda  Octavio Edilberto,Spadaro Philipps  Pedro Carmelo</content>
  </entry>
  <entry xml:base="http://myurl.com/feed">
    <title type="text">02889/2013-CR</title>
    <id>http://myurl.com/pdf/02889_2013-CR.html</id>
    <updated>2013-11-07T22:43:31Z</updated>
    <link href="http://myurl.com/pdf/02889_2013-CR.html" />
    <author>
      <name>Me</name>
    </author>
    <content type="html">Propone inlcuir a los hijos del titular a los sistemas de salud públicos o privados.&lt;br /&gt;autores: Monterola Abregu  Wuilian Alfonso,Lewis Del Alcazar  Norman David,Tait Villacorta  Cecilia,Falconi Picardo  Marco Tulio,Lay Sun  Humberto,Alcorta Suero  María Lourdes Pia Luisa</content>
  </entry>
  <entry xml:base="http://myurl.com/feed">
    <title type="text">02892/2013-PE</title>
    <id>http://myurl.com/pdf/02892_2013-PE.html</id>
    <updated>2013-11-07T22:43:31Z</updated>
    <link href="http://myurl.com/pdf/02892_2013-PE.html" />
    <author>
      <name>Me</name>
    </author>
    <content type="html">Autorícese al Pliego 011 Ministerio de Salud a realizar modificaciones presupuestarias en el Nivel Funcional Programático con cargo a los recursos no ejecutados a la fecha de publicación de la presente Ley en proyectos de Inversión Pública y de los recursos asignados a los Programas Presupuestales, hasta por un monto de ciento treinta y un millones trescientos diecinueve mil ciento noventa y tres y 00/100 nuevos soles (S/. 131 319 193,00), para financiar el pago de planillas del personal activo de sus Unidades Ejecutoras.&lt;br /&gt;autores: </content>
  </entry>
  <entry xml:base="http://myurl.com/feed">
    <title type="text">02888/2013-CR</title>
    <id>http://myurl.com/pdf/02888_2013-CR.html</id>
    <updated>2013-11-07T22:43:31Z</updated>
    <link href="http://myurl.com/pdf/02888_2013-CR.html" />
    <author>
      <name>Me</name>
    </author>
    <content type="html">Propone declarar de necesidad y utilidad pública la constsrucción y equipamiento del Hospital Regional de Madre de Dios III-1, con sede en la provincia de Tambopata, con la finalidad de brindar atención de salud a los pobladores de toda la región Madre de Dios.&lt;br /&gt;autores: Romero Rodriguez  Eulogio Amado,Tejada Galindo  Sergio Fernando,Yrupailla Montes  Cesar Elmer,Oseda Soto  Doris Gladys,Acha Romani  Walter,Nayap Kinin  Eduardo</content>
  </entry>
  <entry xml:base="http://myurl.com/feed">
    <title type="text">02894/2013-CR</title>
    <id>http://myurl.com/pdf/02894_2013-CR.html</id>
    <updated>2013-11-07T22:43:31Z</updated>
    <link href="http://myurl.com/pdf/02894_2013-CR.html" />
    <author>
      <name>Me</name>
    </author>
    <content type="html">Propone incorporar el artículo 3-A a la Ley 29461, Ley que regula el servicio de estacionamiento vehicular.&lt;br /&gt;autores: Gagó Perez  Julio César,Tan De Inafuko  Aurelia,Sarmiento Betancourt  Freddy Fernando,Spadaro Philipps  Pedro Carmelo,Hurtado Zamudio  Jesus Panfilo,Diaz Dios  Juan Jose,Ccama Layme  Francisco,Fujimori Higuchi  Kenji Gerardo,Cordero Jon Tay  Maria Del Pilar,Valqui Matos  Nestor Antonio,Becerril Rodriguez  Hector Virgilio</content>
  </entry>
  <entry xml:base="http://myurl.com/feed">
    <title type="text">02890/2013-CR</title>
    <id>http://myurl.com/pdf/02890_2013-CR.html</id>
    <updated>2013-11-07T22:43:31Z</updated>
    <link href="http://myurl.com/pdf/02890_2013-CR.html" />
    <author>
      <name>Me</name>
    </author>
    <content type="html">Los trabajadores de las empresas del Estado tienen derecho a la negociación colectiva conforme a las reglas y al dictamen económico financiero que establece el Texto Único Ordenado de la Ley de Relaciones Colectivas de Trabajo, aprobado mediante Decreto Supremo 010-2003-TR&lt;br /&gt;autores: Tubino Arias Schreiber  Carlos Mario Del Carmen,Gagó Perez  Julio César,Neyra Huamani  Rofilio T,Diaz Dios  Juan Jose,Tapia Bernal  Segundo Leocadio,Cabrera Ganoza  Eduardo Felipe</content>
  </entry>
</feed>
