[
    {
        "codigo":"04697",
        "congresistas":"Yamashiro Or\u00e9  Rafael Gustavo,Gonzales Posada Eyzaguirre  Luis Javier,Macedo S\u00e1nchez  Jos\u00e9,Cabanillas Bustamante  Mercedes,Robles L\u00f3pez  Daniel,Negreiros Criado  Luis Alberto,Alegr\u00eda Pastor  Mario Arturo",
        "fecha_presentacion":"03/03/2011",
        "link":"http://www2.congreso.gob.pe/Sicr/TraDocEstProc/CLProLey2011.nsf/PAporNumeroInverso/0C7264D286B5FF6E05257C1B0077565F?opendocument",
        "numero_proyecto":"04697/2010-CR",
        "titulo":"Propone establecer marco legal destinado a prevenir da\u00f1os ocasionados por exposici\u00f3n prolongada a los rayos ultravioleta en trabajadores y estudiantes."
    },
    {
        "codigo":"02890",
        "congresistas":"Tubino Arias Schreiber  Carlos Mario Del Carmen,Gag\u00f3 Perez  Julio C\u00e9sar,Neyra Huamani  Rofilio T,Diaz Dios  Juan Jose,Tapia Bernal  Segundo Leocadio,Cabrera Ganoza  Eduardo Felipe",
        "fecha_presentacion":"06/11/2013",
        "link":"http://www2.congreso.gob.pe/Sicr/TraDocEstProc/CLProLey2011.nsf/PAporNumeroInverso/F10029C7244BD36905257C1B005A7DE4?opendocument",
        "link_to_pdf":"http://www2.congreso.gob.pe/sicr/tradocestproc/Expvirt_2011.nsf/visbusqptramdoc/02890?opendocument",
        "numero_proyecto":"02890/2013-CR",
        "pdf_url":"http://www2.congreso.gob.pe/Sicr/TraDocEstProc/Contdoc02_2011_2.nsf/d99575da99ebfbe305256f2e006d1cf0/f644291c96d56b3205257c1b0055a0e0/$FILE/PL02890061113.pdf",
        "titulo":"Los trabajadores de las empresas del Estado tienen derecho a la negociaci\u00f3n colectiva conforme a las reglas y al dictamen econ\u00f3mico financiero que establece el Texto \u00danico Ordenado de la Ley de Relaciones Colectivas de Trabajo, aprobado mediante Decreto Supremo 010-2003-TR"
    },
    {
        "codigo":"02889",
        "congresistas":"Monterola Abregu  Wuilian Alfonso,Lewis Del Alcazar  Norman David,Tait Villacorta  Cecilia,Falconi Picardo  Marco Tulio,Lay Sun  Humberto,Alcorta Suero  Mar\u00eda Lourdes Pia Luisa",
        "fecha_presentacion":"05/11/2013",
        "link":"http://www2.congreso.gob.pe/Sicr/TraDocEstProc/CLProLey2011.nsf/PAporNumeroInverso/8DCC9213ECE8783805257C1A007BCF07?opendocument",
        "link_to_pdf":"http://www2.congreso.gob.pe/sicr/tradocestproc/Expvirt_2011.nsf/visbusqptramdoc/02889?opendocument",
        "numero_proyecto":"02889/2013-CR",
        "pdf_url":"http://www2.congreso.gob.pe/Sicr/TraDocEstProc/Contdoc02_2011_2.nsf/0/b1674bc4fe611abc05257c1a007b3c84/$FILE/PL02889051113.pdf",
        "titulo":"Propone inlcuir a los hijos del titular a los sistemas de salud p\u00fablicos o privados."
    },
    {
        "codigo":"02888",
        "congresistas":"Romero Rodriguez  Eulogio Amado,Tejada Galindo  Sergio Fernando,Yrupailla Montes  Cesar Elmer,Oseda Soto  Doris Gladys,Acha Romani  Walter,Nayap Kinin  Eduardo",
        "fecha_presentacion":"05/11/2013",
        "link":"http://www2.congreso.gob.pe/Sicr/TraDocEstProc/CLProLey2011.nsf/PAporNumeroInverso/D9C08AF61C340C3005257C1A007BCF04?opendocument",
        "link_to_pdf":"http://www2.congreso.gob.pe/sicr/tradocestproc/Expvirt_2011.nsf/visbusqptramdoc/02888?opendocument",
        "numero_proyecto":"02888/2013-CR",
        "pdf_url":"http://www2.congreso.gob.pe/Sicr/TraDocEstProc/Contdoc02_2011_2.nsf/d99575da99ebfbe305256f2e006d1cf0/f168656d987c86fa05257c1a006e19c7/$FILE/PL02888051113.pdf",
        "titulo":"Propone declarar de necesidad y utilidad p\u00fablica la constsrucci\u00f3n y equipamiento del Hospital Regional de Madre de Dios III-1, con sede en la provincia de Tambopata, con la finalidad de brindar atenci\u00f3n de salud a los pobladores de toda la regi\u00f3n Madre de Dios."
    },
    {
        "codigo":"02887",
        "congresistas":"Molina Martinez  Agustin F,Rivas Texeira  Mart\u00edn Amado,Carrillo Cavero  Hugo,Chehade Moya  Omar Karim,Gasta\u00f1adui Ramirez  Santiago,Gutierrez Condor  Josue Manuel,Tejada Galindo  Sergio Fernando,Valencia Quiroz  Jaime Ruben,Zerillo Bazalar  Manuel Salvador",
        "fecha_presentacion":"05/11/2013",
        "link":"http://www2.congreso.gob.pe/Sicr/TraDocEstProc/CLProLey2011.nsf/PAporNumeroInverso/AB899E10658B38E705257C1A007BCEFF?opendocument",
        "link_to_pdf":"http://www2.congreso.gob.pe/sicr/tradocestproc/Expvirt_2011.nsf/visbusqptramdoc/02887?opendocument",
        "numero_proyecto":"02887/2013-CR",
        "pdf_url":"http://www2.congreso.gob.pe/Sicr/TraDocEstProc/Contdoc02_2011_2.nsf/d99575da99ebfbe305256f2e006d1cf0/627304a79b855a2905257c1a006e617d/$FILE/PL02887051113.pdf",
        "titulo":"Propone declarar de necesidad p\u00fablica e inter\u00e9s nacional la promoci\u00f3n de la generaci\u00f3n de energ\u00eda e\u00f3lica, fomentando la construcci\u00f3n de parques e\u00f3licos como incentivo a la industria nacional"
    },
    {
        "codigo":"02892",
        "congresistas":"",
        "fecha_presentacion":"07/11/2013",
        "link":"http://www2.congreso.gob.pe/Sicr/TraDocEstProc/CLProLey2011.nsf/PAporNumeroInverso/C14245CF743A153305257C1C007223E9?opendocument",
        "link_to_pdf":"http://www2.congreso.gob.pe/sicr/tradocestproc/Expvirt_2011.nsf/visbusqptramdoc/02892?opendocument",
        "numero_proyecto":"02892/2013-PE",
        "pdf_url":"http://www2.congreso.gob.pe/Sicr/TraDocEstProc/Contdoc02_2011_2.nsf/0/faed725c1c976b6305257c1c0065cac4/$FILE/PL02892071113.pdf",
        "titulo":"Autor\u00edcese al Pliego 011 Ministerio de Salud a realizar modificaciones presupuestarias en el Nivel Funcional Program\u00e1tico con cargo a los recursos no ejecutados a la fecha de publicaci\u00f3n de la presente Ley en proyectos de Inversi\u00f3n P\u00fablica y de los recursos asignados a los Programas Presupuestales, hasta por un monto de ciento treinta y un millones trescientos diecinueve mil ciento noventa y tres y 00/100 nuevos soles (S/. 131 319 193,00), para financiar el pago de planillas del personal activo de sus Unidades Ejecutoras."
    },
    {
        "codigo":"02891",
        "congresistas":"Tubino Arias Schreiber  Carlos Mario Del Carmen,Gag\u00f3 Perez  Julio C\u00e9sar,Salgado Rubianes  Luz,Ccama Layme  Francisco,Chihuan Ramos  Leyla Felicita,Lopez Cordova  Maria Magdalena,Salazar Miranda  Octavio Edilberto,Spadaro Philipps  Pedro Carmelo",
        "fecha_presentacion":"07/11/2013",
        "link":"http://www2.congreso.gob.pe/Sicr/TraDocEstProc/CLProLey2011.nsf/PAporNumeroInverso/5A2547BA5998133F05257C1C007223E4?opendocument",
        "link_to_pdf":"http://www2.congreso.gob.pe/sicr/tradocestproc/Expvirt_2011.nsf/visbusqptramdoc/02891?opendocument",
        "numero_proyecto":"02891/2013-CR",
        "pdf_url":"http://www2.congreso.gob.pe/Sicr/TraDocEstProc/Contdoc02_2011_2.nsf/0/426ef1a98b5008f705257c1c0065ca26/$FILE/PL02891071113.pdf",
        "titulo":"Ley que autoriza la interceptaci\u00f3n y derribamiento de aeronaves utilizadas en el tr\u00e1fico il\u00edcito de drogas en el espacio a\u00e9reo peruano."
    },
    {
        "codigo":"02894",
        "congresistas":"Gag\u00f3 Perez  Julio C\u00e9sar,Tan De Inafuko  Aurelia,Sarmiento Betancourt  Freddy Fernando,Spadaro Philipps  Pedro Carmelo,Hurtado Zamudio  Jesus Panfilo,Diaz Dios  Juan Jose,Ccama Layme  Francisco,Fujimori Higuchi  Kenji Gerardo,Cordero Jon Tay  Maria Del Pilar,Valqui Matos  Nestor Antonio,Becerril Rodriguez  Hector Virgilio",
        "fecha_presentacion":"07/11/2013",
        "link":"http://www2.congreso.gob.pe/Sicr/TraDocEstProc/CLProLey2011.nsf/PAporNumeroInverso/2935868FDE2589A705257C1C00768A25?opendocument",
        "link_to_pdf":"http://www2.congreso.gob.pe/sicr/tradocestproc/Expvirt_2011.nsf/visbusqptramdoc/02894?opendocument",
        "numero_proyecto":"02894/2013-CR",
        "pdf_url":"http://www2.congreso.gob.pe/Sicr/TraDocEstProc/Contdoc02_2011_2.nsf/d99575da99ebfbe305256f2e006d1cf0/bcfbb733317c41f105257c1c00794786/$FILE/PL02894071113.pdf",
        "titulo":"Propone incorporar el art\u00edculo 3-A a la Ley 29461, Ley que regula el servicio de estacionamiento vehicular."
    }
]